date,season,event_name,solar_index,distance_to_center,phase,progress,declination_deg,fixed_season,fixed_index,fixed_distance,fixed_phase,fixed_progress,deviation,abs_deviation,drift_trend
2025-01-01 00:00:00+00:00,winter,december_solstice_prev,56,10,decline,0.6179775280898876,-22.982842911296274,winter,57.0,11.0,decline,0.6292134831460674,-1.0,1.0,-1.0
2025-01-02 00:00:00+00:00,winter,december_solstice_prev,57,11,decline,0.6292134831460674,-22.89516105906136,winter,58.0,12.0,decline,0.6404494382022472,-1.0,1.0,-1.0
2025-01-03 00:00:00+00:00,winter,december_solstice_prev,58,12,decline,0.6404494382022472,-22.799876323787128,winter,59.0,13.0,decline,0.651685393258427,-1.0,1.0,-1.0
2025-01-04 00:00:00+00:00,winter,december_solstice_prev,59,13,decline,0.651685393258427,-22.697039658101048,winter,60.0,14.0,decline,0.6629213483146067,-1.0,1.0,-1.0
2025-01-05 00:00:00+00:00,winter,december_solstice_prev,60,14,decline,0.6629213483146067,-22.586706217635264,winter,61.0,15.0,decline,0.6741573033707865,-1.0,1.0,-1.0
2025-01-06 00:00:00+00:00,winter,december_solstice_prev,61,15,decline,0.6741573033707865,-22.46893493131601,winter,62.0,16.0,decline,0.6853932584269663,-1.0,1.0,-1.0
2025-01-07 00:00:00+00:00,winter,december_solstice_prev,62,16,decline,0.6853932584269663,-22.343788036955996,winter,63.0,17.0,decline,0.6966292134831461,-1.0,1.0,-1.0
2025-01-08 00:00:00+00:00,winter,december_solstice_prev,63,17,decline,0.6966292134831461,-22.2113306147935,winter,64.0,18.0,decline,0.7078651685393258,-1.0,1.0,-1.0
2025-01-09 00:00:00+00:00,winter,december_solstice_prev,64,18,decline,0.7078651685393258,-22.071630150366616,winter,65.0,19.0,decline,0.7191011235955056,-1.0,1.0,-1.0
2025-01-10 00:00:00+00:00,winter,december_solstice_prev,65,19,decline,0.7191011235955056,-21.924756159459736,winter,66.0,20.0,decline,0.7303370786516854,-1.0,1.0,-1.0
2025-01-11 00:00:00+00:00,winter,december_solstice_prev,66,20,decline,0.7303370786516854,-21.770779909512882,winter,67.0,21.0,decline,0.7415730337078652,-1.0,1.0,-1.0
2025-01-12 00:00:00+00:00,winter,december_solstice_prev,67,21,decline,0.7415730337078652,-21.60977426728412,winter,68.0,22.0,decline,0.7528089887640449,-1.0,1.0,-1.0
2025-01-13 00:00:00+00:00,winter,december_solstice_prev,68,22,decline,0.7528089887640449,-21.441813686042064,winter,69.0,23.0,decline,0.7640449438202247,-1.0,1.0,-1.0
2025-01-14 00:00:00+00:00,winter,december_solstice_prev,69,23,decline,0.7640449438202247,-21.266974318435725,winter,70.0,24.0,decline,0.7752808988764045,-1.0,1.0,-1.0
2025-01-15 00:00:00+00:00,winter,december_solstice_prev,70,24,decline,0.7752808988764045,-21.085334213379664,winter,71.0,25.0,decline,0.7865168539325843,-1.0,1.0,-1.0
2025-01-16 00:00:00+00:00,winter,december_solstice_prev,71,25,decline,0.7865168539325843,-20.896973539744565,winter,72.0,26.0,decline,0.797752808988764,-1.0,1.0,-1.0
2025-01-17 00:00:00+00:00,winter,december_solstice_prev,72,26,decline,0.797752808988764,-20.70197478326073,winter,73.0,27.0,decline,0.8089887640449438,-1.0,1.0,-1.0
2025-01-18 00:00:00+00:00,winter,december_solstice_prev,73,27,decline,0.8089887640449438,-20.50042288229594,winter,74.0,28.0,decline,0.8202247191011236,-1.0,1.0,-1.0
2025-01-19 00:00:00+00:00,winter,december_solstice_prev,74,28,decline,0.8202247191011236,-20.29240529281427,winter,75.0,29.0,decline,0.8314606741573034,-1.0,1.0,-1.0
2025-01-20 00:00:00+00:00,winter,december_solstice_prev,75,29,decline,0.8314606741573034,-20.078011993276867,winter,76.0,30.0,decline,0.8426966292134831,-1.0,1.0,-1.0
2025-01-21 00:00:00+00:00,winter,december_solstice_prev,76,30,decline,0.8426966292134831,-19.85733545212075,winter,77.0,31.0,decline,0.8539325842696629,-1.0,1.0,-1.0
2025-01-22 00:00:00+00:00,winter,december_solstice_prev,77,31,decline,0.8539325842696629,-19.630470584250446,winter,78.0,32.0,decline,0.8651685393258427,-1.0,1.0,-1.0
2025-01-23 00:00:00+00:00,winter,december_solstice_prev,78,32,decline,0.8651685393258427,-19.397514721243247,winter,79.0,33.0,decline,0.8764044943820225,-1.0,1.0,-1.0
2025-01-24 00:00:00+00:00,winter,december_solstice_prev,79,33,decline,0.8764044943820225,-19.15856761470974,winter,80.0,34.0,decline,0.8876404494382022,-1.0,1.0,-1.0
2025-01-25 00:00:00+00:00,winter,december_solstice_prev,80,34,decline,0.8876404494382022,-18.91373148376995,winter,81.0,35.0,decline,0.898876404494382,-1.0,1.0,-1.0
2025-01-26 00:00:00+00:00,winter,december_solstice_prev,81,35,decline,0.898876404494382,-18.663111104695673,winter,82.0,36.0,decline,0.9101123595505618,-1.0,1.0,-1.0
2025-01-27 00:00:00+00:00,winter,december_solstice_prev,82,36,decline,0.9101123595505618,-18.40681392208522,winter,83.0,37.0,decline,0.9213483146067416,-1.0,1.0,-1.0
2025-01-28 00:00:00+00:00,winter,december_solstice_prev,83,37,decline,0.9213483146067416,-18.144950137511277,winter,84.0,38.0,decline,0.9325842696629213,-1.0,1.0,-1.0
2025-01-29 00:00:00+00:00,winter,december_solstice_prev,84,38,decline,0.9325842696629213,-17.8776327098466,winter,85.0,39.0,decline,0.9438202247191011,-1.0,1.0,-0.9333333333333333
2025-01-30 00:00:00+00:00,winter,december_solstice_prev,85,39,decline,0.9438202247191011,-17.604977194173035,winter,86.0,40.0,decline,0.9550561797752809,-1.0,1.0,-0.8666666666666667
2025-01-31 00:00:00+00:00,winter,december_solstice_prev,86,40,decline,0.9550561797752809,-17.327101367198846,winter,87.0,41.0,decline,0.9662921348314607,-1.0,1.0,-0.8
2025-02-01 00:00:00+00:00,winter,december_solstice_prev,87,41,decline,0.9662921348314607,-17.044124639482682,winter,88.0,42.0,decline,0.9775280898876404,-1.0,1.0,-0.7333333333333333
2025-02-02 00:00:00+00:00,winter,december_solstice_prev,88,42,decline,0.9775280898876404,-16.756167320651084,winter,89.0,43.0,decline,0.9887640449438202,-1.0,1.0,-0.6666666666666666
2025-02-03 00:00:00+00:00,winter,december_solstice_prev,89,43,decline,0.9887640449438202,-16.46334985045899,winter,90.0,44.0,decline,1.0,-1.0,1.0,-0.6
2025-02-04 00:00:00+00:00,winter,december_solstice_prev,90,44,decline,1.0,-16.16579211140602,winter,91.0,45.0,decline,1.0112359550561798,-1.0,1.0,-0.5333333333333333
2025-02-05 00:00:00+00:00,spring,march_equinox,2,-44,approach,0.011235955056179775,-15.863612900840785,spring,2.0,-44.0,approach,0.011235955056179775,0.0,0.0,-0.4666666666666667
2025-02-06 00:00:00+00:00,spring,march_equinox,3,-43,approach,0.02247191011235955,-15.556929588493292,spring,3.0,-43.0,approach,0.02247191011235955,0.0,0.0,-0.4
2025-02-07 00:00:00+00:00,spring,march_equinox,4,-42,approach,0.033707865168539325,-15.245857946347286,spring,4.0,-42.0,approach,0.033707865168539325,0.0,0.0,-0.3333333333333333
2025-02-08 00:00:00+00:00,spring,march_equinox,5,-41,approach,0.0449438202247191,-14.93051212221268,spring,5.0,-41.0,approach,0.0449438202247191,0.0,0.0,-0.26666666666666666
2025-02-09 00:00:00+00:00,spring,march_equinox,6,-40,approach,0.056179775280898875,-14.611004729941916,spring,6.0,-40.0,approach,0.056179775280898875,0.0,0.0,-0.2
2025-02-10 00:00:00+00:00,spring,march_equinox,7,-39,approach,0.06741573033707865,-14.287447035165194,spring,7.0,-39.0,approach,0.06741573033707865,0.0,0.0,-0.13333333333333333
2025-02-11 00:00:00+00:00,spring,march_equinox,8,-38,approach,0.07865168539325842,-13.959949216317277,spring,8.0,-38.0,approach,0.07865168539325842,0.0,0.0,-0.06666666666666667
2025-02-12 00:00:00+00:00,spring,march_equinox,9,-37,approach,0.0898876404494382,-13.628620674841736,spring,9.0,-37.0,approach,0.0898876404494382,0.0,0.0,0.0
2025-02-13 00:00:00+00:00,spring,march_equinox,10,-36,approach,0.10112359550561797,-13.293570360520707,spring,10.0,-36.0,approach,0.10112359550561797,0.0,0.0,0.0
2025-02-14 00:00:00+00:00,spring,march_equinox,11,-35,approach,0.11235955056179775,-12.95490707475382,spring,11.0,-35.0,approach,0.11235955056179775,0.0,0.0,0.0
2025-02-15 00:00:00+00:00,spring,march_equinox,12,-34,approach,0.12359550561797752,-12.612739720501501,spring,12.0,-34.0,approach,0.12359550561797752,0.0,0.0,0.0
2025-02-16 00:00:00+00:00,spring,march_equinox,13,-33,approach,0.1348314606741573,-12.267177481661854,spring,13.0,-33.0,approach,0.1348314606741573,0.0,0.0,0.0
2025-02-17 00:00:00+00:00,spring,march_equinox,14,-32,approach,0.14606741573033707,-11.91832993210504,spring,14.0,-32.0,approach,0.14606741573033707,0.0,0.0,0.0
2025-02-18 00:00:00+00:00,spring,march_equinox,15,-31,approach,0.15730337078651685,-11.566307090066948,spring,15.0,-31.0,approach,0.15730337078651685,0.0,0.0,0.0
2025-02-19 00:00:00+00:00,spring,march_equinox,16,-30,approach,0.16853932584269662,-11.211219443816933,spring,16.0,-30.0,approach,0.16853932584269662,0.0,0.0,0.0
2025-02-20 00:00:00+00:00,spring,march_equinox,17,-29,approach,0.1797752808988764,-10.853177978887627,spring,17.0,-29.0,approach,0.1797752808988764,0.0,0.0,0.0
2025-02-21 00:00:00+00:00,spring,march_equinox,18,-28,approach,0.19101123595505617,-10.49229423658916,spring,18.0,-28.0,approach,0.19101123595505617,0.0,0.0,0.0
2025-02-22 00:00:00+00:00,spring,march_equinox,19,-27,approach,0.20224719101123595,-10.12868042858246,spring,19.0,-27.0,approach,0.20224719101123595,0.0,0.0,0.0
2025-02-23 00:00:00+00:00,spring,march_equinox,20,-26,approach,0.21348314606741572,-9.762449621797677,spring,20.0,-26.0,approach,0.21348314606741572,0.0,0.0,0.0
2025-02-24 00:00:00+00:00,spring,march_equinox,21,-25,approach,0.2247191011235955,-9.39371598883974,spring,21.0,-25.0,approach,0.2247191011235955,0.0,0.0,0.0
2025-02-25 00:00:00+00:00,spring,march_equinox,22,-24,approach,0.23595505617977527,-9.022595087869693,spring,22.0,-24.0,approach,0.23595505617977527,0.0,0.0,0.0
2025-02-26 00:00:00+00:00,spring,march_equinox,23,-23,approach,0.24719101123595505,-8.649204093940133,spring,23.0,-23.0,approach,0.24719101123595505,0.0,0.0,0.0
2025-02-27 00:00:00+00:00,spring,march_equinox,24,-22,approach,0.25842696629213485,-8.27366186377244,spring,24.0,-22.0,approach,0.25842696629213485,0.0,0.0,0.0
2025-02-28 00:00:00+00:00,spring,march_equinox,25,-21,approach,0.2696629213483146,-7.896088706344866,spring,25.0,-21.0,approach,0.2696629213483146,0.0,0.0,0.0
2025-03-01 00:00:00+00:00,spring,march_equinox,26,-20,approach,0.2808988764044944,-7.516605784528457,spring,26.0,-20.0,approach,0.2808988764044944,0.0,0.0,0.0
2025-03-02 00:00:00+00:00,spring,march_equinox,27,-19,approach,0.29213483146067415,-7.135334192390136,spring,27.0,-19.0,approach,0.29213483146067415,0.0,0.0,0.0
2025-03-03 00:00:00+00:00,spring,march_equinox,28,-18,approach,0.30337078651685395,-6.752393887679506,spring,28.0,-18.0,approach,0.30337078651685395,0.0,0.0,0.0
2025-03-04 00:00:00+00:00,spring,march_equinox,29,-17,approach,0.3146067415730337,-6.367902725616072,spring,29.0,-17.0,approach,0.3146067415730337,0.0,0.0,0.0
2025-03-05 00:00:00+00:00,spring,march_equinox,30,-16,approach,0.3258426966292135,-5.981975792154528,spring,30.0,-16.0,approach,0.3258426966292135,0.0,0.0,0.0
2025-03-06 00:00:00+00:00,spring,march_equinox,31,-15,approach,0.33707865168539325,-5.594725108606117,spring,31.0,-15.0,approach,0.33707865168539325,0.0,0.0,0.0
2025-03-07 00:00:00+00:00,spring,march_equinox,32,-14,approach,0.34831460674157305,-5.206259657407093,spring,32.0,-14.0,approach,0.34831460674157305,0.0,0.0,0.0
2025-03-08 00:00:00+00:00,spring,march_equinox,33,-13,approach,0.3595505617977528,-4.816685618191075,spring,33.0,-13.0,approach,0.3595505617977528,0.0,0.0,0.0
2025-03-09 00:00:00+00:00,spring,march_equinox,34,-12,approach,0.3707865168539326,-4.426106706143161,spring,34.0,-12.0,approach,0.3707865168539326,0.0,0.0,0.0
2025-03-10 00:00:00+00:00,spring,march_equinox,35,-11,approach,0.38202247191011235,-4.0346245401361065,spring,35.0,-11.0,approach,0.38202247191011235,0.0,0.0,0.0
2025-03-11 00:00:00+00:00,spring,march_equinox,36,-10,approach,0.39325842696629215,-3.6423390058283758,spring,36.0,-10.0,approach,0.39325842696629215,0.0,0.0,0.0
2025-03-12 00:00:00+00:00,spring,march_equinox,37,-9,approach,0.4044943820224719,-3.249348603257503,spring,37.0,-9.0,approach,0.4044943820224719,0.0,0.0,0.0
2025-03-13 00:00:00+00:00,spring,march_equinox,38,-8,approach,0.4157303370786517,-2.8557507775316577,spring,38.0,-8.0,approach,0.4157303370786517,0.0,0.0,0.0
2025-03-14 00:00:00+00:00,spring,march_equinox,39,-7,approach,0.42696629213483145,-2.4616422300310945,spring,39.0,-7.0,approach,0.42696629213483145,0.0,0.0,0.0
2025-03-15 00:00:00+00:00,spring,march_equinox,40,-6,approach,0.43820224719101125,-2.067119202846469,spring,40.0,-6.0,approach,0.43820224719101125,0.0,0.0,0.0
2025-03-16 00:00:00+00:00,spring,march_equinox,41,-5,approach,0.449438202247191,-1.6722777264823714,spring,41.0,-5.0,approach,0.449438202247191,0.0,0.0,0.0
2025-03-17 00:00:00+00:00,spring,march_equinox,42,-4,approach,0.4606741573033708,-1.2772138228954744,spring,42.0,-4.0,approach,0.4606741573033708,0.0,0.0,0.0
2025-03-18 00:00:00+00:00,spring,march_equinox,43,-3,approach,0.47191011235955055,-0.88202366258479,spring,43.0,-3.0,approach,0.47191011235955055,0.0,0.0,0.0
2025-03-19 00:00:00+00:00,spring,march_equinox,44,-2,approach,0.48314606741573035,-0.48680368361826437,spring,44.0,-2.0,approach,0.48314606741573035,0.0,0.0,0.0
2025-03-20 00:00:00+00:00,spring,march_equinox,45,-1,approach,0.4943820224719101,-0.09165068954245668,spring,45.0,-1.0,approach,0.4943820224719101,0.0,0.0,0.0
2025-03-21 00:00:00+00:00,spring,march_equinox,46,0,peak,0.5056179775280899,0.30333804999021224,spring,46.0,0.0,peak,0.5056179775280899,0.0,0.0,0.0
2025-03-22 00:00:00+00:00,spring,march_equinox,47,1,decline,0.5168539325842697,0.6980646687267332,spring,47.0,1.0,decline,0.5168539325842697,0.0,0.0,0.0
2025-03-23 00:00:00+00:00,spring,march_equinox,48,2,decline,0.5280898876404494,1.0924305180392495,spring,48.0,2.0,decline,0.5280898876404494,0.0,0.0,0.0
2025-03-24 00:00:00+00:00,spring,march_equinox,49,3,decline,0.5393258426966292,1.4863359100119915,spring,49.0,3.0,decline,0.5393258426966292,0.0,0.0,0.0
2025-03-25 00:00:00+00:00,spring,march_equinox,50,4,decline,0.550561797752809,1.8796797954799085,spring,50.0,4.0,decline,0.550561797752809,0.0,0.0,0.0
2025-03-26 00:00:00+00:00,spring,march_equinox,51,5,decline,0.5617977528089888,2.272359422025072,spring,51.0,5.0,decline,0.5617977528089888,0.0,0.0,0.0
2025-03-27 00:00:00+00:00,spring,march_equinox,52,6,decline,0.5730337078651685,2.6642700709988056,spring,52.0,6.0,decline,0.5730337078651685,0.0,0.0,0.0
2025-03-28 00:00:00+00:00,spring,march_equinox,53,7,decline,0.5842696629213483,3.0553050229514915,spring,53.0,7.0,decline,0.5842696629213483,0.0,0.0,0.0
2025-03-29 00:00:00+00:00,spring,march_equinox,54,8,decline,0.5955056179775281,3.445355905825508,spring,54.0,8.0,decline,0.5955056179775281,0.0,0.0,0.0
2025-03-30 00:00:00+00:00,spring,march_equinox,55,9,decline,0.6067415730337079,3.8343134949851607,spring,55.0,9.0,decline,0.6067415730337079,0.0,0.0,0.0
2025-03-31 00:00:00+00:00,spring,march_equinox,56,10,decline,0.6179775280898876,4.222068861627375,spring,56.0,10.0,decline,0.6179775280898876,0.0,0.0,0.0
2025-04-01 00:00:00+00:00,spring,march_equinox,57,11,decline,0.6292134831460674,4.608514594394296,spring,57.0,11.0,decline,0.6292134831460674,0.0,0.0,0.0
2025-04-02 00:00:00+00:00,spring,march_equinox,58,12,decline,0.6404494382022472,4.993545771063571,spring,58.0,12.0,decline,0.6404494382022472,0.0,0.0,0.0
2025-04-03 00:00:00+00:00,spring,march_equinox,59,13,decline,0.651685393258427,5.377060474007607,spring,59.0,13.0,decline,0.651685393258427,0.0,0.0,0.0
2025-04-04 00:00:00+00:00,spring,march_equinox,60,14,decline,0.6629213483146067,5.758959837746269,spring,60.0,14.0,decline,0.6629213483146067,0.0,0.0,0.0
2025-04-05 00:00:00+00:00,spring,march_equinox,61,15,decline,0.6741573033707865,6.139147763038025,spring,61.0,15.0,decline,0.6741573033707865,0.0,0.0,0.0
2025-04-06 00:00:00+00:00,spring,march_equinox,62,16,decline,0.6853932584269663,6.517530472593126,spring,62.0,16.0,decline,0.6853932584269663,0.0,0.0,0.0
2025-04-07 00:00:00+00:00,spring,march_equinox,63,17,decline,0.6966292134831461,6.8940160449254355,spring,63.0,17.0,decline,0.6966292134831461,0.0,0.0,0.0
2025-04-08 00:00:00+00:00,spring,march_equinox,64,18,decline,0.7078651685393258,7.268513999142502,spring,64.0,18.0,decline,0.7078651685393258,0.0,0.0,0.0
2025-04-09 00:00:00+00:00,spring,march_equinox,65,19,decline,0.7191011235955056,7.640934951300067,spring,65.0,19.0,decline,0.7191011235955056,0.0,0.0,0.0
2025-04-10 00:00:00+00:00,spring,march_equinox,66,20,decline,0.7303370786516854,8.011190333546471,spring,66.0,20.0,decline,0.7303370786516854,0.0,0.0,0.0
2025-04-11 00:00:00+00:00,spring,march_equinox,67,21,decline,0.7415730337078652,8.37919215723662,spring,67.0,21.0,decline,0.7415730337078652,0.0,0.0,0.0
2025-04-12 00:00:00+00:00,spring,march_equinox,68,22,decline,0.7528089887640449,8.744852803009627,spring,68.0,22.0,decline,0.7528089887640449,0.0,0.0,0.0
2025-04-13 00:00:00+00:00,spring,march_equinox,69,23,decline,0.7640449438202247,9.108084827804168,spring,69.0,23.0,decline,0.7640449438202247,0.0,0.0,0.0
2025-04-14 00:00:00+00:00,spring,march_equinox,70,24,decline,0.7752808988764045,9.468800786133546,spring,70.0,24.0,decline,0.7752808988764045,0.0,0.0,0.0
2025-04-15 00:00:00+00:00,spring,march_equinox,71,25,decline,0.7865168539325843,9.82691306763804,spring,71.0,25.0,decline,0.7865168539325843,0.0,0.0,0.0
2025-04-16 00:00:00+00:00,spring,march_equinox,72,26,decline,0.797752808988764,10.182333753587649,spring,72.0,26.0,decline,0.797752808988764,0.0,0.0,0.0
2025-04-17 00:00:00+00:00,spring,march_equinox,73,27,decline,0.8089887640449438,10.53497449175126,spring,73.0,27.0,decline,0.8089887640449438,0.0,0.0,0.0
2025-04-18 00:00:00+00:00,spring,march_equinox,74,28,decline,0.8202247191011236,10.884746383227544,spring,74.0,28.0,decline,0.8202247191011236,0.0,0.0,0.0
2025-04-19 00:00:00+00:00,spring,march_equinox,75,29,decline,0.8314606741573034,11.231559868530782,spring,75.0,29.0,decline,0.8314606741573034,0.0,0.0,0.0
2025-04-20 00:00:00+00:00,spring,march_equinox,76,30,decline,0.8426966292134831,11.575324595881586,spring,76.0,30.0,decline,0.8426966292134831,0.0,0.0,0.0
2025-04-21 00:00:00+00:00,spring,march_equinox,77,31,decline,0.8539325842696629,11.915949255094803,spring,77.0,31.0,decline,0.8539325842696629,0.0,0.0,0.0
2025-04-22 00:00:00+00:00,spring,march_equinox,78,32,decline,0.8651685393258427,12.25334136929424,spring,78.0,32.0,decline,0.8651685393258427,0.0,0.0,0.0
2025-04-23 00:00:00+00:00,spring,march_equinox,79,33,decline,0.8764044943820225,12.587407058180123,spring,79.0,33.0,decline,0.8764044943820225,0.0,0.0,0.0
2025-04-24 00:00:00+00:00,spring,march_equinox,80,34,decline,0.8876404494382022,12.918050823359733,spring,80.0,34.0,decline,0.8876404494382022,0.0,0.0,0.0
2025-04-25 00:00:00+00:00,spring,march_equinox,81,35,decline,0.898876404494382,13.24517545284469,spring,81.0,35.0,decline,0.898876404494382,0.0,0.0,0.0
2025-04-26 00:00:00+00:00,spring,march_equinox,82,36,decline,0.9101123595505618,13.568682175683572,spring,82.0,36.0,decline,0.9101123595505618,0.0,0.0,0.0
2025-04-27 00:00:00+00:00,spring,march_equinox,83,37,decline,0.9213483146067416,13.888471178800122,spring,83.0,37.0,decline,0.9213483146067416,0.0,0.0,0.0
2025-04-28 00:00:00+00:00,spring,march_equinox,84,38,decline,0.9325842696629213,14.204442494713415,spring,84.0,38.0,decline,0.9325842696629213,0.0,0.0,0.0
2025-04-29 00:00:00+00:00,spring,march_equinox,85,39,decline,0.9438202247191011,14.51649710593573,spring,85.0,39.0,decline,0.9438202247191011,0.0,0.0,0.0
2025-04-30 00:00:00+00:00,spring,march_equinox,86,40,decline,0.9550561797752809,14.824537987309427,spring,86.0,40.0,decline,0.9550561797752809,0.0,0.0,-0.07142857142857142
2025-05-01 00:00:00+00:00,spring,march_equinox,87,41,decline,0.9662921348314607,15.128470820431188,spring,87.0,41.0,decline,0.9662921348314607,0.0,0.0,-0.14285714285714285
2025-05-02 00:00:00+00:00,spring,march_equinox,88,42,decline,0.9775280898876404,15.428204262165547,spring,88.0,42.0,decline,0.9775280898876404,0.0,0.0,-0.21428571428571427
2025-05-03 00:00:00+00:00,spring,march_equinox,89,43,decline,0.9887640449438202,15.723649825521486,spring,89.0,43.0,decline,0.9887640449438202,0.0,0.0,-0.2857142857142857
2025-05-04 00:00:00+00:00,spring,march_equinox,90,44,decline,1.0,16.014721531177525,spring,90.0,44.0,decline,1.0,0.0,0.0,-0.35714285714285715
2025-05-05 00:00:00+00:00,spring,march_equinox,91,45,decline,1.0112359550561798,16.301335489470603,spring,91.0,45.0,decline,1.0112359550561798,0.0,0.0,-0.42857142857142855
2025-05-06 00:00:00+00:00,spring,march_equinox,92,46,decline,1.0224719101123596,16.58340951836299,,,,,,,,-0.5
2025-05-07 00:00:00+00:00,summer,june_solstice,0,-46,approach,-0.011235955056179775,16.860862842115182,summer,1.0,-45.0,approach,0.0,-1.0,1.0,-0.5714285714285714
2025-05-08 00:00:00+00:00,summer,june_solstice,1,-45,approach,0.0,17.133615873125787,summer,2.0,-44.0,approach,0.011235955056179775,-1.0,1.0,-0.6428571428571429
2025-05-09 00:00:00+00:00,summer,june_solstice,2,-44,approach,0.011235955056179775,17.401590058649557,summer,3.0,-43.0,approach,0.02247191011235955,-1.0,1.0,-0.7142857142857143
2025-05-10 00:00:00+00:00,summer,june_solstice,3,-43,approach,0.02247191011235955,17.664707768669757,summer,4.0,-42.0,approach,0.033707865168539325,-1.0,1.0,-0.7857142857142857
2025-05-11 00:00:00+00:00,summer,june_solstice,4,-42,approach,0.033707865168539325,17.92289220419526,summer,5.0,-41.0,approach,0.0449438202247191,-1.0,1.0,-0.8571428571428571
2025-05-12 00:00:00+00:00,summer,june_solstice,5,-41,approach,0.0449438202247191,18.176067311897032,summer,6.0,-40.0,approach,0.056179775280898875,-1.0,1.0,-0.9285714285714286
2025-05-13 00:00:00+00:00,summer,june_solstice,6,-40,approach,0.056179775280898875,18.42415769839333,summer,7.0,-39.0,approach,0.06741573033707865,-1.0,1.0,-1.0
2025-05-14 00:00:00+00:00,summer,june_solstice,7,-39,approach,0.06741573033707865,18.66708854378453,summer,8.0,-38.0,approach,0.07865168539325842,-1.0,1.0,-1.0
2025-05-15 00:00:00+00:00,summer,june_solstice,8,-38,approach,0.07865168539325842,18.9047855179787,summer,9.0,-37.0,approach,0.0898876404494382,-1.0,1.0,-1.0
2025-05-16 00:00:00+00:00,summer,june_solstice,9,-37,approach,0.0898876404494382,19.137174704334566,summer,10.0,-36.0,approach,0.10112359550561797,-1.0,1.0,-1.0
2025-05-17 00:00:00+00:00,summer,june_solstice,10,-36,approach,0.10112359550561797,19.36418253348425,summer,11.0,-35.0,approach,0.11235955056179775,-1.0,1.0,-1.0
2025-05-18 00:00:00+00:00,summer,june_solstice,11,-35,approach,0.11235955056179775,19.585735727212217,summer,12.0,-34.0,approach,0.12359550561797752,-1.0,1.0,-1.0
2025-05-19 00:00:00+00:00,summer,june_solstice,12,-34,approach,0.12359550561797752,19.80176125015309,summer,13.0,-33.0,approach,0.1348314606741573,-1.0,1.0,-1.0
2025-05-20 00:00:00+00:00,summer,june_solstice,13,-33,approach,0.1348314606741573,20.012186268474622,summer,14.0,-32.0,approach,0.14606741573033707,-1.0,1.0,-1.0
2025-05-21 00:00:00+00:00,summer,june_solstice,14,-32,approach,0.14606741573033707,20.216938122136032,summer,15.0,-31.0,approach,0.15730337078651685,-1.0,1.0,-1.0
2025-05-22 00:00:00+00:00,summer,june_solstice,15,-31,approach,0.15730337078651685,20.41594433199898,summer,16.0,-30.0,approach,0.16853932584269662,-1.0,1.0,-1.0
2025-05-23 00:00:00+00:00,summer,june_solstice,16,-30,approach,0.16853932584269662,20.60913268277945,summer,17.0,-29.0,approach,0.1797752808988764,-1.0,1.0,-1.0
2025-05-24 00:00:00+00:00,summer,june_solstice,17,-29,approach,0.1797752808988764,20.796431438634183,summer,18.0,-28.0,approach,0.19101123595505617,-1.0,1.0,-1.0
2025-05-25 00:00:00+00:00,summer,june_solstice,18,-28,approach,0.19101123595505617,20.977769743333436,summer,19.0,-27.0,approach,0.20224719101123595,-1.0,1.0,-1.0
2025-05-26 00:00:00+00:00,summer,june_solstice,19,-27,approach,0.20224719101123595,21.153078214538045,summer,20.0,-26.0,approach,0.21348314606741572,-1.0,1.0,-1.0
2025-05-27 00:00:00+00:00,summer,june_solstice,20,-26,approach,0.21348314606741572,21.322289663912464,summer,21.0,-25.0,approach,0.2247191011235955,-1.0,1.0,-1.0
2025-05-28 00:00:00+00:00,summer,june_solstice,21,-25,approach,0.2247191011235955,21.485339799052067,summer,22.0,-24.0,approach,0.23595505617977527,-1.0,1.0,-1.0
2025-05-29 00:00:00+00:00,summer,june_solstice,22,-24,approach,0.23595505617977527,21.64216774505279,summer,23.0,-23.0,approach,0.24719101123595505,-1.0,1.0,-1.0
2025-05-30 00:00:00+00:00,summer,june_solstice,23,-23,approach,0.24719101123595505,21.79271628641974,summer,24.0,-22.0,approach,0.25842696629213485,-1.0,1.0,-1.0
2025-05-31 00:00:00+00:00,summer,june_solstice,24,-22,approach,0.25842696629213485,21.93693183559271,summer,25.0,-21.0,approach,0.2696629213483146,-1.0,1.0,-1.0
2025-06-01 00:00:00+00:00,summer,june_solstice,25,-21,approach,0.2696629213483146,22.074764216433476,summer,26.0,-20.0,approach,0.2808988764044944,-1.0,1.0,-1.0
2025-06-02 00:00:00+00:00,summer,june_solstice,26,-20,approach,0.2808988764044944,22.20616637355961,summer,27.0,-19.0,approach,0.29213483146067415,-1.0,1.0,-1.0
2025-06-03 00:00:00+00:00,summer,june_solstice,27,-19,approach,0.29213483146067415,22.331094092755055,summer,28.0,-18.0,approach,0.30337078651685395,-1.0,1.0,-1.0
2025-06-04 00:00:00+00:00,summer,june_solstice,28,-18,approach,0.30337078651685395,22.449505775727427,summer,29.0,-17.0,approach,0.3146067415730337,-1.0,1.0,-1.0
2025-06-05 00:00:00+00:00,summer,june_solstice,29,-17,approach,0.3146067415730337,22.56136227786234,summer,30.0,-16.0,approach,0.3258426966292135,-1.0,1.0,-1.0
2025-06-06 00:00:00+00:00,summer,june_solstice,30,-16,approach,0.3258426966292135,22.666626797929833,summer,31.0,-15.0,approach,0.33707865168539325,-1.0,1.0,-1.0
2025-06-07 00:00:00+00:00,summer,june_solstice,31,-15,approach,0.33707865168539325,22.765264801580226,summer,32.0,-14.0,approach,0.34831460674157305,-1.0,1.0,-1.0
2025-06-08 00:00:00+00:00,summer,june_solstice,32,-14,approach,0.34831460674157305,22.857243960998517,summer,33.0,-13.0,approach,0.3595505617977528,-1.0,1.0,-1.0
2025-06-09 00:00:00+00:00,summer,june_solstice,33,-13,approach,0.3595505617977528,22.9425340973953,summer,34.0,-12.0,approach,0.3707865168539326,-1.0,1.0,-1.0
2025-06-10 00:00:00+00:00,summer,june_solstice,34,-12,approach,0.3707865168539326,23.021107118873992,summer,35.0,-11.0,approach,0.38202247191011235,-1.0,1.0,-1.0
2025-06-11 00:00:00+00:00,summer,june_solstice,35,-11,approach,0.38202247191011235,23.092936952412686,summer,36.0,-10.0,approach,0.39325842696629215,-1.0,1.0,-1.0
2025-06-12 00:00:00+00:00,summer,june_solstice,36,-10,approach,0.39325842696629215,23.157999474345875,summer,37.0,-9.0,approach,0.4044943820224719,-1.0,1.0,-1.0
2025-06-13 00:00:00+00:00,summer,june_solstice,37,-9,approach,0.4044943820224719,23.216272447952772,summer,38.0,-8.0,approach,0.4157303370786517,-1.0,1.0,-1.0
2025-06-14 00:00:00+00:00,summer,june_solstice,38,-8,approach,0.4157303370786517,23.267735478844354,summer,39.0,-7.0,approach,0.42696629213483145,-1.0,1.0,-1.0
2025-06-15 00:00:00+00:00,summer,june_solstice,39,-7,approach,0.42696629213483145,23.31236999866016,summer,40.0,-6.0,approach,0.43820224719101125,-1.0,1.0,-1.0
2025-06-16 00:00:00+00:00,summer,june_solstice,40,-6,approach,0.43820224719101125,23.350159285879293,summer,41.0,-5.0,approach,0.449438202247191,-1.0,1.0,-1.0
2025-06-17 00:00:00+00:00,summer,june_solstice,41,-5,approach,0.449438202247191,23.38108853072629,summer,42.0,-4.0,approach,0.4606741573033708,-1.0,1.0,-1.0
2025-06-18 00:00:00+00:00,summer,june_solstice,42,-4,approach,0.4606741573033708,23.405144950499817,summer,43.0,-3.0,approach,0.47191011235955055,-1.0,1.0,-1.0
2025-06-19 00:00:00+00:00,summer,june_solstice,43,-3,approach,0.47191011235955055,23.422317962226188,summer,44.0,-2.0,approach,0.48314606741573035,-1.0,1.0,-1.0
2025-06-20 00:00:00+00:00,summer,june_solstice,44,-2,approach,0.48314606741573035,23.432599419279473,summer,45.0,-1.0,approach,0.4943820224719101,-1.0,1.0,-1.0
2025-06-21 00:00:00+00:00,summer,june_solstice,45,-1,approach,0.4943820224719101,23.43598391334946,summer,46.0,0.0,peak,0.5056179775280899,-1.0,1.0,-1.0
2025-06-22 00:00:00+00:00,summer,june_solstice,46,0,peak,0.5056179775280899,23.432469128470512,summer,47.0,1.0,decline,0.5168539325842697,-1.0,1.0,-1.0
2025-06-23 00:00:00+00:00,summer,june_solstice,47,1,decline,0.5168539325842697,23.422056209345346,summer,48.0,2.0,decline,0.5280898876404494,-1.0,1.0,-1.0
2025-06-24 00:00:00+00:00,summer,june_solstice,48,2,decline,0.5280898876404494,23.4047500804159,summer,49.0,3.0,decline,0.5393258426966292,-1.0,1.0,-1.0
2025-06-25 00:00:00+00:00,summer,june_solstice,49,3,decline,0.5393258426966292,23.380559642245007,summer,50.0,4.0,decline,0.550561797752809,-1.0,1.0,-1.0
2025-06-26 00:00:00+00:00,summer,june_solstice,50,4,decline,0.550561797752809,23.34949779281752,summer,51.0,5.0,decline,0.5617977528089888,-1.0,1.0,-1.0
2025-06-27 00:00:00+00:00,summer,june_solstice,51,5,decline,0.5617977528089888,23.311581270222604,summer,52.0,6.0,decline,0.5730337078651685,-1.0,1.0,-1.0
2025-06-28 00:00:00+00:00,summer,june_solstice,52,6,decline,0.5730337078651685,23.266830365192625,summer,53.0,7.0,decline,0.5842696629213483,-1.0,1.0,-1.0
2025-06-29 00:00:00+00:00,summer,june_solstice,53,7,decline,0.5842696629213483,23.21526857906023,summer,54.0,8.0,decline,0.5955056179775281,-1.0,1.0,-1.0
2025-06-30 00:00:00+00:00,summer,june_solstice,54,8,decline,0.5955056179775281,23.156922295551247,summer,55.0,9.0,decline,0.6067415730337079,-1.0,1.0,-1.0
2025-07-01 00:00:00+00:00,summer,june_solstice,55,9,decline,0.6067415730337079,23.09182050609318,summer,56.0,10.0,decline,0.6179775280898876,-1.0,1.0,-1.0
2025-07-02 00:00:00+00:00,summer,june_solstice,56,10,decline,0.6179775280898876,23.019994597553623,summer,57.0,11.0,decline,0.6292134831460674,-1.0,1.0,-1.0
2025-07-03 00:00:00+00:00,summer,june_solstice,57,11,decline,0.6292134831460674,22.941478190737797,summer,58.0,12.0,decline,0.6404494382022472,-1.0,1.0,-1.0
2025-07-04 00:00:00+00:00,summer,june_solstice,58,12,decline,0.6404494382022472,22.856307009561448,summer,59.0,13.0,decline,0.651685393258427,-1.0,1.0,-1.0
2025-07-05 00:00:00+00:00,summer,june_solstice,59,13,decline,0.651685393258427,22.764518761048922,summer,60.0,14.0,decline,0.6629213483146067,-1.0,1.0,-1.0
2025-07-06 00:00:00+00:00,summer,june_solstice,60,14,decline,0.6629213483146067,22.666153011065447,summer,61.0,15.0,decline,0.6741573033707865,-1.0,1.0,-1.0
2025-07-07 00:00:00+00:00,summer,june_solstice,61,15,decline,0.6741573033707865,22.56125104741087,summer,62.0,16.0,decline,0.6853932584269663,-1.0,1.0,-1.0
2025-07-08 00:00:00+00:00,summer,june_solstice,62,16,decline,0.6853932584269663,22.449855729542673,summer,63.0,17.0,decline,0.6966292134831461,-1.0,1.0,-1.0
2025-07-09 00:00:00+00:00,summer,june_solstice,63,17,decline,0.6966292134831461,22.332011332352295,summer,64.0,18.0,decline,0.7078651685393258,-1.0,1.0,-1.0
2025-07-10 00:00:00+00:00,summer,june_solstice,64,18,decline,0.7078651685393258,22.207763399392032,summer,65.0,19.0,decline,0.7191011235955056,-1.0,1.0,-1.0
2025-07-11 00:00:00+00:00,summer,june_solstice,65,19,decline,0.7191011235955056,22.0771586272042,summer,66.0,20.0,decline,0.7303370786516854,-1.0,1.0,-1.0
2025-07-12 00:00:00+00:00,summer,june_solstice,66,20,decline,0.7303370786516854,21.940244804732767,summer,67.0,21.0,decline,0.7415730337078652,-1.0,1.0,-1.0
2025-07-13 00:00:00+00:00,summer,june_solstice,67,21,decline,0.7415730337078652,21.797070828343738,summer,68.0,22.0,decline,0.7528089887640449,-1.0,1.0,-1.0
2025-07-14 00:00:00+00:00,summer,june_solstice,68,22,decline,0.7528089887640449,21.647686803674517,summer,69.0,23.0,decline,0.7640449438202247,-1.0,1.0,-1.0
2025-07-15 00:00:00+00:00,summer,june_solstice,69,23,decline,0.7640449438202247,21.492144232861055,summer,70.0,24.0,decline,0.7752808988764045,-1.0,1.0,-1.0
2025-07-16 00:00:00+00:00,summer,june_solstice,70,24,decline,0.7752808988764045,21.330496273713546,summer,71.0,25.0,decline,0.7865168539325843,-1.0,1.0,-1.0
2025-07-17 00:00:00+00:00,summer,june_solstice,71,25,decline,0.7865168539325843,21.162798049252814,summer,72.0,26.0,decline,0.797752808988764,-1.0,1.0,-1.0
2025-07-18 00:00:00+00:00,summer,june_solstice,72,26,decline,0.797752808988764,20.989106981625362,summer,73.0,27.0,decline,0.8089887640449438,-1.0,1.0,-1.0
2025-07-19 00:00:00+00:00,summer,june_solstice,73,27,decline,0.8089887640449438,20.80948312061725,summer,74.0,28.0,decline,0.8202247191011236,-1.0,1.0,-1.0
2025-07-20 00:00:00+00:00,summer,june_solstice,74,28,decline,0.8202247191011236,20.623989430385286,summer,75.0,29.0,decline,0.8314606741573034,-1.0,1.0,-1.0
2025-07-21 00:00:00+00:00,summer,june_solstice,75,29,decline,0.8314606741573034,20.432691989076023,summer,76.0,30.0,decline,0.8426966292134831,-1.0,1.0,-1.0
2025-07-22 00:00:00+00:00,summer,june_solstice,76,30,decline,0.8426966292134831,20.235660051360384,summer,77.0,31.0,decline,0.8539325842696629,-1.0,1.0,-1.0
2025-07-23 00:00:00+00:00,summer,june_solstice,77,31,decline,0.8539325842696629,20.032965933938062,summer,78.0,32.0,decline,0.8651685393258427,-1.0,1.0,-1.0
2025-07-24 00:00:00+00:00,summer,june_solstice,78,32,decline,0.8651685393258427,19.824684714858375,summer,79.0,33.0,decline,0.8764044943820225,-1.0,1.0,-1.0
2025-07-25 00:00:00+00:00,summer,june_solstice,79,33,decline,0.8764044943820225,19.610893782304654,summer,80.0,34.0,decline,0.8876404494382022,-1.0,1.0,-1.0
2025-07-26 00:00:00+00:00,summer,june_solstice,80,34,decline,0.8876404494382022,19.39167230765054,summer,81.0,35.0,decline,0.898876404494382,-1.0,1.0,-1.0
2025-07-27 00:00:00+00:00,summer,june_solstice,81,35,decline,0.898876404494382,19.167100730926126,summer,82.0,36.0,decline,0.9101123595505618,-1.0,1.0,-1.0
2025-07-28 00:00:00+00:00,summer,june_solstice,82,36,decline,0.9101123595505618,18.937260328695817,summer,83.0,37.0,decline,0.9213483146067416,-1.0,1.0,-1.0
2025-07-29 00:00:00+00:00,summer,june_solstice,83,37,decline,0.9213483146067416,18.702232896955397,summer,84.0,38.0,decline,0.9325842696629213,-1.0,1.0,-1.0
2025-07-30 00:00:00+00:00,summer,june_solstice,84,38,decline,0.9325842696629213,18.462100544258508,summer,85.0,39.0,decline,0.9438202247191011,-1.0,1.0,-1.0
2025-07-31 00:00:00+00:00,summer,june_solstice,85,39,decline,0.9438202247191011,18.216945566095237,summer,86.0,40.0,decline,0.9550561797752809,-1.0,1.0,5.571428571428571
2025-08-01 00:00:00+00:00,summer,june_solstice,86,40,decline,0.9550561797752809,17.966850363114443,summer,87.0,41.0,decline,0.9662921348314607,-1.0,1.0,5.5
2025-08-02 00:00:00+00:00,summer,june_solstice,87,41,decline,0.9662921348314607,17.711897368667056,summer,88.0,42.0,decline,0.9775280898876404,-1.0,1.0,5.428571428571429
2025-08-03 00:00:00+00:00,summer,june_solstice,88,42,decline,0.9775280898876404,17.452168959648098,summer,89.0,43.0,decline,0.9887640449438202,-1.0,1.0,5.357142857142857
2025-08-04 00:00:00+00:00,summer,june_solstice,89,43,decline,0.9887640449438202,17.187747335141392,summer,90.0,44.0,decline,1.0,-1.0,1.0,5.285714285714286
2025-08-05 00:00:00+00:00,summer,june_solstice,90,44,decline,1.0,16.918714358992254,summer,91.0,45.0,decline,1.0112359550561798,-1.0,1.0,5.214285714285714
2025-08-06 00:00:00+00:00,summer,june_solstice,91,45,decline,1.0112359550561798,16.64515137580625,,,,,,,,5.142857142857143
2025-08-07 00:00:00+00:00,summer,june_solstice,92,46,decline,1.0224719101123596,16.367139025505548,autumn,1.0,-45.0,approach,0.0,91.0,91.0,5.071428571428571
2025-08-08 00:00:00+00:00,autumn,september_equinox,0,-46,approach,-0.011235955056179775,16.084757097917922,autumn,2.0,-44.0,approach,0.011235955056179775,-2.0,2.0,5.0
2025-08-09 00:00:00+00:00,autumn,september_equinox,1,-45,approach,0.0,15.798084480852491,autumn,3.0,-43.0,approach,0.02247191011235955,-2.0,2.0,4.928571428571429
2025-08-10 00:00:00+00:00,autumn,september_equinox,2,-44,approach,0.011235955056179775,15.507199254622925,autumn,4.0,-42.0,approach,0.033707865168539325,-2.0,2.0,4.857142857142857
2025-08-11 00:00:00+00:00,autumn,september_equinox,3,-43,approach,0.02247191011235955,15.212178965864132,autumn,5.0,-41.0,approach,0.0449438202247191,-2.0,2.0,4.785714285714286
2025-08-12 00:00:00+00:00,autumn,september_equinox,4,-42,approach,0.033707865168539325,14.913101074282006,autumn,6.0,-40.0,approach,0.056179775280898875,-2.0,2.0,4.714285714285714
2025-08-13 00:00:00+00:00,autumn,september_equinox,5,-41,approach,0.0449438202247191,14.61004352012969,autumn,7.0,-39.0,approach,0.06741573033707865,-2.0,2.0,4.642857142857143
2025-08-14 00:00:00+00:00,autumn,september_equinox,6,-40,approach,0.056179775280898875,14.303085327538273,autumn,8.0,-38.0,approach,0.07865168539325842,-2.0,2.0,4.2
2025-08-15 00:00:00+00:00,autumn,september_equinox,7,-39,approach,0.06741573033707865,13.992307153792389,autumn,9.0,-37.0,approach,0.0898876404494382,-2.0,2.0,-2.0
2025-08-16 00:00:00+00:00,autumn,september_equinox,8,-38,approach,0.07865168539325842,13.677791715857868,autumn,10.0,-36.0,approach,0.10112359550561797,-2.0,2.0,-2.0
2025-08-17 00:00:00+00:00,autumn,september_equinox,9,-37,approach,0.0898876404494382,13.35962405775347,autumn,11.0,-35.0,approach,0.11235955056179775,-2.0,2.0,-2.0
2025-08-18 00:00:00+00:00,autumn,september_equinox,10,-36,approach,0.10112359550561797,13.037891649104415,autumn,12.0,-34.0,approach,0.12359550561797752,-2.0,2.0,-2.0
2025-08-19 00:00:00+00:00,autumn,september_equinox,11,-35,approach,0.11235955056179775,12.712684319538369,autumn,13.0,-33.0,approach,0.1348314606741573,-2.0,2.0,-2.0
2025-08-20 00:00:00+00:00,autumn,september_equinox,12,-34,approach,0.12359550561797752,12.384094039932664,autumn,14.0,-32.0,approach,0.14606741573033707,-2.0,2.0,-2.0
2025-08-21 00:00:00+00:00,autumn,september_equinox,13,-33,approach,0.1348314606741573,12.052214568990257,autumn,15.0,-31.0,approach,0.15730337078651685,-2.0,2.0,-2.0
2025-08-22 00:00:00+00:00,autumn,september_equinox,14,-32,approach,0.14606741573033707,11.717140997459937,autumn,16.0,-30.0,approach,0.16853932584269662,-2.0,2.0,-2.0
2025-08-23 00:00:00+00:00,autumn,september_equinox,15,-31,approach,0.15730337078651685,11.37896923945362,autumn,17.0,-29.0,approach,0.1797752808988764,-2.0,2.0,-2.0
2025-08-24 00:00:00+00:00,autumn,september_equinox,16,-30,approach,0.16853932584269662,11.037795531498064,autumn,18.0,-28.0,approach,0.19101123595505617,-2.0,2.0,-2.0
2025-08-25 00:00:00+00:00,autumn,september_equinox,17,-29,approach,0.1797752808988764,10.693715996775575,autumn,19.0,-27.0,approach,0.20224719101123595,-2.0,2.0,-2.0
2025-08-26 00:00:00+00:00,autumn,september_equinox,18,-28,approach,0.19101123595505617,10.346826313328643,autumn,20.0,-26.0,approach,0.21348314606741572,-2.0,2.0,-2.0
2025-08-27 00:00:00+00:00,autumn,september_equinox,19,-27,approach,0.20224719101123595,9.997221497766633,autumn,21.0,-25.0,approach,0.2247191011235955,-2.0,2.0,-2.0
2025-08-28 00:00:00+00:00,autumn,september_equinox,20,-26,approach,0.21348314606741572,9.644995790277733,autumn,22.0,-24.0,approach,0.23595505617977527,-2.0,2.0,-2.0
2025-08-29 00:00:00+00:00,autumn,september_equinox,21,-25,approach,0.2247191011235955,9.290242609718897,autumn,23.0,-23.0,approach,0.24719101123595505,-2.0,2.0,-2.0
2025-08-30 00:00:00+00:00,autumn,september_equinox,22,-24,approach,0.23595505617977527,8.933054541026145,autumn,24.0,-22.0,approach,0.25842696629213485,-2.0,2.0,-2.0
2025-08-31 00:00:00+00:00,autumn,september_equinox,23,-23,approach,0.24719101123595505,8.57352331894035,autumn,25.0,-21.0,approach,0.2696629213483146,-2.0,2.0,-2.0
2025-09-01 00:00:00+00:00,autumn,september_equinox,24,-22,approach,0.25842696629213485,8.211739778874534,autumn,26.0,-20.0,approach,0.2808988764044944,-2.0,2.0,-2.0
2025-09-02 00:00:00+00:00,autumn,september_equinox,25,-21,approach,0.2696629213483146,7.847793755836106,autumn,27.0,-19.0,approach,0.29213483146067415,-2.0,2.0,-2.0
2025-09-03 00:00:00+00:00,autumn,september_equinox,26,-20,approach,0.2808988764044944,7.481773926084383,autumn,28.0,-18.0,approach,0.30337078651685395,-2.0,2.0,-2.0
2025-09-04 00:00:00+00:00,autumn,september_equinox,27,-19,approach,0.29213483146067415,7.1137676056925345,autumn,29.0,-17.0,approach,0.3146067415730337,-2.0,2.0,-2.0
2025-09-05 00:00:00+00:00,autumn,september_equinox,28,-18,approach,0.30337078651685395,6.7438605469027175,autumn,30.0,-16.0,approach,0.3258426966292135,-2.0,2.0,-2.0
2025-09-06 00:00:00+00:00,autumn,september_equinox,29,-17,approach,0.3146067415730337,6.372136804285858,autumn,31.0,-15.0,approach,0.33707865168539325,-2.0,2.0,-2.0
2025-09-07 00:00:00+00:00,autumn,september_equinox,30,-16,approach,0.3258426966292135,5.998678766808361,autumn,32.0,-14.0,approach,0.34831460674157305,-2.0,2.0,-2.0
2025-09-08 00:00:00+00:00,autumn,september_equinox,31,-15,approach,0.33707865168539325,5.62356744865211,autumn,33.0,-13.0,approach,0.3595505617977528,-2.0,2.0,-2.0
2025-09-09 00:00:00+00:00,autumn,september_equinox,32,-14,approach,0.34831460674157305,5.246883082096436,autumn,34.0,-12.0,approach,0.3707865168539326,-2.0,2.0,-2.0
2025-09-10 00:00:00+00:00,autumn,september_equinox,33,-13,approach,0.3595505617977528,4.868705962947305,autumn,35.0,-11.0,approach,0.38202247191011235,-2.0,2.0,-2.0
2025-09-11 00:00:00+00:00,autumn,september_equinox,34,-12,approach,0.3707865168539326,4.489117401289144,autumn,36.0,-10.0,approach,0.39325842696629215,-2.0,2.0,-2.0
2025-09-12 00:00:00+00:00,autumn,september_equinox,35,-11,approach,0.38202247191011235,4.108200583903954,autumn,37.0,-9.0,approach,0.4044943820224719,-2.0,2.0,-2.0
2025-09-13 00:00:00+00:00,autumn,september_equinox,36,-10,approach,0.39325842696629215,3.7260411893344996,autumn,38.0,-8.0,approach,0.4157303370786517,-2.0,2.0,-2.0
2025-09-14 00:00:00+00:00,autumn,september_equinox,37,-9,approach,0.4044943820224719,3.3427276884963484,autumn,39.0,-7.0,approach,0.42696629213483145,-2.0,2.0,-2.0
2025-09-15 00:00:00+00:00,autumn,september_equinox,38,-8,approach,0.4157303370786517,2.9583513570911295,autumn,40.0,-6.0,approach,0.43820224719101125,-2.0,2.0,-2.0
2025-09-16 00:00:00+00:00,autumn,september_equinox,39,-7,approach,0.42696629213483145,2.5730060784379734,autumn,41.0,-5.0,approach,0.449438202247191,-2.0,2.0,-2.0
2025-09-17 00:00:00+00:00,autumn,september_equinox,40,-6,approach,0.43820224719101125,2.1867880209366586,autumn,42.0,-4.0,approach,0.4606741573033708,-2.0,2.0,-2.0
2025-09-18 00:00:00+00:00,autumn,september_equinox,41,-5,approach,0.449438202247191,1.7997952531143273,autumn,43.0,-3.0,approach,0.47191011235955055,-2.0,2.0,-2.0
2025-09-19 00:00:00+00:00,autumn,september_equinox,42,-4,approach,0.4606741573033708,1.4121273342842984,autumn,44.0,-2.0,approach,0.48314606741573035,-2.0,2.0,-2.0
2025-09-20 00:00:00+00:00,autumn,september_equinox,43,-3,approach,0.47191011235955055,1.0238849033785218,autumn,45.0,-1.0,approach,0.4943820224719101,-2.0,2.0,-2.0
2025-09-21 00:00:00+00:00,autumn,september_equinox,44,-2,approach,0.48314606741573035,0.6351692841189052,autumn,46.0,0.0,peak,0.5056179775280899,-2.0,2.0,-2.0
2025-09-22 00:00:00+00:00,autumn,september_equinox,45,-1,approach,0.4943820224719101,0.24608212604939167,autumn,47.0,1.0,decline,0.5168539325842697,-2.0,2.0,-2.0
2025-09-23 00:00:00+00:00,autumn,september_equinox,46,0,peak,0.5056179775280899,-0.14327489870984214,autumn,48.0,2.0,decline,0.5280898876404494,-2.0,2.0,-2.0
2025-09-24 00:00:00+00:00,autumn,september_equinox,47,1,decline,0.5168539325842697,-0.5328003280223174,autumn,49.0,3.0,decline,0.5393258426966292,-2.0,2.0,-2.0
2025-09-25 00:00:00+00:00,autumn,september_equinox,48,2,decline,0.5280898876404494,-0.9223930669204011,autumn,50.0,4.0,decline,0.550561797752809,-2.0,2.0,-2.0
2025-09-26 00:00:00+00:00,autumn,september_equinox,49,3,decline,0.5393258426966292,-1.3119524774037223,autumn,51.0,5.0,decline,0.5617977528089888,-2.0,2.0,-2.0
2025-09-27 00:00:00+00:00,autumn,september_equinox,50,4,decline,0.550561797752809,-1.701378420153165,autumn,52.0,6.0,decline,0.5730337078651685,-2.0,2.0,-2.0
2025-09-28 00:00:00+00:00,autumn,september_equinox,51,5,decline,0.5617977528089888,-2.0905712748607534,autumn,53.0,7.0,decline,0.5842696629213483,-2.0,2.0,-2.0
2025-09-29 00:00:00+00:00,autumn,september_equinox,52,6,decline,0.5730337078651685,-2.4794319685774053,autumn,54.0,8.0,decline,0.5955056179775281,-2.0,2.0,-2.0
2025-09-30 00:00:00+00:00,autumn,september_equinox,53,7,decline,0.5842696629213483,-2.8678620396918317,autumn,55.0,9.0,decline,0.6067415730337079,-2.0,2.0,-2.0
2025-10-01 00:00:00+00:00,autumn,september_equinox,54,8,decline,0.5955056179775281,-3.2557637586290404,autumn,56.0,10.0,decline,0.6179775280898876,-2.0,2.0,-2.0
2025-10-02 00:00:00+00:00,autumn,september_equinox,55,9,decline,0.6067415730337079,-3.6430403132910874,autumn,57.0,11.0,decline,0.6292134831460674,-2.0,2.0,-2.0
2025-10-03 00:00:00+00:00,autumn,september_equinox,56,10,decline,0.6179775280898876,-4.029596044275421,autumn,58.0,12.0,decline,0.6404494382022472,-2.0,2.0,-2.0
2025-10-04 00:00:00+00:00,autumn,september_equinox,57,11,decline,0.6292134831460674,-4.415336679329299,autumn,59.0,13.0,decline,0.651685393258427,-2.0,2.0,-2.0
2025-10-05 00:00:00+00:00,autumn,september_equinox,58,12,decline,0.6404494382022472,-4.800169472154421,autumn,60.0,14.0,decline,0.6629213483146067,-2.0,2.0,-2.0
2025-10-06 00:00:00+00:00,autumn,september_equinox,59,13,decline,0.651685393258427,-5.184003115787025,autumn,61.0,15.0,decline,0.6741573033707865,-2.0,2.0,-2.0
2025-10-07 00:00:00+00:00,autumn,september_equinox,60,14,decline,0.6629213483146067,-5.566747309661965,autumn,62.0,16.0,decline,0.6853932584269663,-2.0,2.0,-2.0
2025-10-08 00:00:00+00:00,autumn,september_equinox,61,15,decline,0.6741573033707865,-5.94831194370107,autumn,63.0,17.0,decline,0.6966292134831461,-2.0,2.0,-2.0
2025-10-09 00:00:00+00:00,autumn,september_equinox,62,16,decline,0.6853932584269663,-6.328606011200416,autumn,64.0,18.0,decline,0.7078651685393258,-2.0,2.0,-2.0
2025-10-10 00:00:00+00:00,autumn,september_equinox,63,17,decline,0.6966292134831461,-6.707536498512356,autumn,65.0,19.0,decline,0.7191011235955056,-2.0,2.0,-2.0
2025-10-11 00:00:00+00:00,autumn,september_equinox,64,18,decline,0.7078651685393258,-7.0850075274457875,autumn,66.0,20.0,decline,0.7303370786516854,-2.0,2.0,-2.0
2025-10-12 00:00:00+00:00,autumn,september_equinox,65,19,decline,0.7191011235955056,-7.460919919971817,autumn,67.0,21.0,decline,0.7415730337078652,-2.0,2.0,-2.0
2025-10-13 00:00:00+00:00,autumn,september_equinox,66,20,decline,0.7303370786516854,-7.835171188442631,autumn,68.0,22.0,decline,0.7528089887640449,-2.0,2.0,-2.0
2025-10-14 00:00:00+00:00,autumn,september_equinox,67,21,decline,0.7415730337078652,-8.207655830945109,autumn,69.0,23.0,decline,0.7640449438202247,-2.0,2.0,-2.0
2025-10-15 00:00:00+00:00,autumn,september_equinox,68,22,decline,0.7528089887640449,-8.578265777058556,autumn,70.0,24.0,decline,0.7752808988764045,-2.0,2.0,-2.0
2025-10-16 00:00:00+00:00,autumn,september_equinox,69,23,decline,0.7640449438202247,-8.946890862710905,autumn,71.0,25.0,decline,0.7865168539325843,-2.0,2.0,-2.0
2025-10-17 00:00:00+00:00,autumn,september_equinox,70,24,decline,0.7752808988764045,-9.313419268371495,autumn,72.0,26.0,decline,0.797752808988764,-2.0,2.0,-2.0
2025-10-18 00:00:00+00:00,autumn,september_equinox,71,25,decline,0.7865168539325843,-9.677737900270806,autumn,73.0,27.0,decline,0.8089887640449438,-2.0,2.0,-2.0
2025-10-19 00:00:00+00:00,autumn,september_equinox,72,26,decline,0.797752808988764,-10.039732719166581,autumn,74.0,28.0,decline,0.8202247191011236,-2.0,2.0,-2.0
2025-10-20 00:00:00+00:00,autumn,september_equinox,73,27,decline,0.8089887640449438,-10.399289028374772,autumn,75.0,29.0,decline,0.8314606741573034,-2.0,2.0,-2.0
2025-10-21 00:00:00+00:00,autumn,september_equinox,74,28,decline,0.8202247191011236,-10.756291729784877,autumn,76.0,30.0,decline,0.8426966292134831,-2.0,2.0,-2.0
2025-10-22 00:00:00+00:00,autumn,september_equinox,75,29,decline,0.8314606741573034,-11.110625550391383,autumn,77.0,31.0,decline,0.8539325842696629,-2.0,2.0,-2.0
2025-10-23 00:00:00+00:00,autumn,september_equinox,76,30,decline,0.8426966292134831,-11.46217523735822,autumn,78.0,32.0,decline,0.8651685393258427,-2.0,2.0,-2.0
2025-10-24 00:00:00+00:00,autumn,september_equinox,77,31,decline,0.8539325842696629,-11.810825719130449,autumn,79.0,33.0,decline,0.8764044943820225,-2.0,2.0,-2.0
2025-10-25 00:00:00+00:00,autumn,september_equinox,78,32,decline,0.8651685393258427,-12.156462233650668,autumn,80.0,34.0,decline,0.8876404494382022,-2.0,2.0,-2.0
2025-10-26 00:00:00+00:00,autumn,september_equinox,79,33,decline,0.8764044943820225,-12.498970430758435,autumn,81.0,35.0,decline,0.898876404494382,-2.0,2.0,-2.0
2025-10-27 00:00:00+00:00,autumn,september_equinox,80,34,decline,0.8876404494382022,-12.838236462161948,autumn,82.0,36.0,decline,0.9101123595505618,-2.0,2.0,-2.0
2025-10-28 00:00:00+00:00,autumn,september_equinox,81,35,decline,0.898876404494382,-13.174147076973505,autumn,83.0,37.0,decline,0.9213483146067416,-2.0,2.0,-2.0
2025-10-29 00:00:00+00:00,autumn,september_equinox,82,36,decline,0.9101123595505618,-13.506589742088302,autumn,84.0,38.0,decline,0.9325842696629213,-2.0,2.0,-2.0
2025-10-30 00:00:00+00:00,autumn,september_equinox,83,37,decline,0.9213483146067416,-13.83545280298339,autumn,85.0,39.0,decline,0.9438202247191011,-2.0,2.0,4.066666666666666
2025-10-31 00:00:00+00:00,autumn,september_equinox,84,38,decline,0.9325842696629213,-14.160625689373969,autumn,86.0,40.0,decline,0.9550561797752809,-2.0,2.0,4.133333333333334
2025-11-01 00:00:00+00:00,autumn,september_equinox,85,39,decline,0.9438202247191011,-14.48199914835964,autumn,87.0,41.0,decline,0.9662921348314607,-2.0,2.0,4.2
2025-11-02 00:00:00+00:00,autumn,september_equinox,86,40,decline,0.9550561797752809,-14.79946545351705,autumn,88.0,42.0,decline,0.9775280898876404,-2.0,2.0,4.266666666666667
2025-11-03 00:00:00+00:00,autumn,september_equinox,87,41,decline,0.9662921348314607,-15.112918497649694,autumn,89.0,43.0,decline,0.9887640449438202,-2.0,2.0,4.333333333333333
2025-11-04 00:00:00+00:00,autumn,september_equinox,88,42,decline,0.9775280898876404,-15.422253650848816,autumn,90.0,44.0,decline,1.0,-2.0,2.0,4.4
2025-11-05 00:00:00+00:00,autumn,september_equinox,89,43,decline,0.9887640449438202,-15.727367290419146,autumn,91.0,45.0,decline,1.0112359550561798,-2.0,2.0,4.466666666666667
2025-11-06 00:00:00+00:00,autumn,september_equinox,90,44,decline,1.0,-16.02815601152941,winter,1.0,-45.0,approach,0.0,89.0,89.0,4.533333333333333
2025-11-07 00:00:00+00:00,winter,december_solstice,1,-45,approach,0.0,-16.32451567933956,winter,2.0,-44.0,approach,0.011235955056179775,-1.0,1.0,4.6
2025-11-08 00:00:00+00:00,winter,december_solstice,2,-44,approach,0.011235955056179775,-16.61634059076215,winter,3.0,-43.0,approach,0.02247191011235955,-1.0,1.0,4.666666666666667
2025-11-09 00:00:00+00:00,winter,december_solstice,3,-43,approach,0.02247191011235955,-16.90352298718114,winter,4.0,-42.0,approach,0.033707865168539325,-1.0,1.0,4.733333333333333
2025-11-10 00:00:00+00:00,winter,december_solstice,4,-42,approach,0.033707865168539325,-17.185953008816085,winter,5.0,-41.0,approach,0.0449438202247191,-1.0,1.0,4.8
2025-11-11 00:00:00+00:00,winter,december_solstice,5,-41,approach,0.0449438202247191,-17.463519013873942,winter,6.0,-40.0,approach,0.056179775280898875,-1.0,1.0,4.866666666666666
2025-11-12 00:00:00+00:00,winter,december_solstice,6,-40,approach,0.056179775280898875,-17.73610809918774,winter,7.0,-39.0,approach,0.06741573033707865,-1.0,1.0,4.933333333333334
2025-11-13 00:00:00+00:00,winter,december_solstice,7,-39,approach,0.06741573033707865,-18.00360666836159,winter,8.0,-38.0,approach,0.07865168539325842,-1.0,1.0,5.0
2025-11-14 00:00:00+00:00,winter,december_solstice,8,-38,approach,0.07865168539325842,-18.265900952385156,winter,9.0,-37.0,approach,0.0898876404494382,-1.0,1.0,-1.0
2025-11-15 00:00:00+00:00,winter,december_solstice,9,-37,approach,0.0898876404494382,-18.522877447730686,winter,10.0,-36.0,approach,0.10112359550561797,-1.0,1.0,-1.0
2025-11-16 00:00:00+00:00,winter,december_solstice,10,-36,approach,0.10112359550561797,-18.774423275665807,winter,11.0,-35.0,approach,0.11235955056179775,-1.0,1.0,-1.0
2025-11-17 00:00:00+00:00,winter,december_solstice,11,-35,approach,0.11235955056179775,-19.02042648303738,winter,12.0,-34.0,approach,0.12359550561797752,-1.0,1.0,-1.0
2025-11-18 00:00:00+00:00,winter,december_solstice,12,-34,approach,0.12359550561797752,-19.26077630655477,winter,13.0,-33.0,approach,0.1348314606741573,-1.0,1.0,-1.0
2025-11-19 00:00:00+00:00,winter,december_solstice,13,-33,approach,0.1348314606741573,-19.49536341708836,winter,14.0,-32.0,approach,0.14606741573033707,-1.0,1.0,-1.0
2025-11-20 00:00:00+00:00,winter,december_solstice,14,-32,approach,0.14606741573033707,-19.724080152816995,winter,15.0,-31.0,approach,0.15730337078651685,-1.0,1.0,-1.0
2025-11-21 00:00:00+00:00,winter,december_solstice,15,-31,approach,0.15730337078651685,-19.946820743267633,winter,16.0,-30.0,approach,0.16853932584269662,-1.0,1.0,-1.0
2025-11-22 00:00:00+00:00,winter,december_solstice,16,-30,approach,0.16853932584269662,-20.163481522055754,winter,17.0,-29.0,approach,0.1797752808988764,-1.0,1.0,-1.0
2025-11-23 00:00:00+00:00,winter,december_solstice,17,-29,approach,0.1797752808988764,-20.373961125049934,winter,18.0,-28.0,approach,0.19101123595505617,-1.0,1.0,-1.0
2025-11-24 00:00:00+00:00,winter,december_solstice,18,-28,approach,0.19101123595505617,-20.57816067233226,winter,19.0,-27.0,approach,0.20224719101123595,-1.0,1.0,-1.0
2025-11-25 00:00:00+00:00,winter,december_solstice,19,-27,approach,0.20224719101123595,-20.775983935432293,winter,20.0,-26.0,approach,0.21348314606741572,-1.0,1.0,-1.0
2025-11-26 00:00:00+00:00,winter,december_solstice,20,-26,approach,0.21348314606741572,-20.967337494085132,winter,21.0,-25.0,approach,0.2247191011235955,-1.0,1.0,-1.0
2025-11-27 00:00:00+00:00,winter,december_solstice,21,-25,approach,0.2247191011235955,-21.152130887310353,winter,22.0,-24.0,approach,0.23595505617977527,-1.0,1.0,-1.0
2025-11-28 00:00:00+00:00,winter,december_solstice,22,-24,approach,0.23595505617977527,-21.330276760219586,winter,23.0,-23.0,approach,0.24719101123595505,-1.0,1.0,-1.0
2025-11-29 00:00:00+00:00,winter,december_solstice,23,-23,approach,0.24719101123595505,-21.501690999349425,winter,24.0,-22.0,approach,0.25842696629213485,-1.0,1.0,-1.0
2025-11-30 00:00:00+00:00,winter,december_solstice,24,-22,approach,0.25842696629213485,-21.66629283526243,winter,25.0,-21.0,approach,0.2696629213483146,-1.0,1.0,-1.0
2025-12-01 00:00:00+00:00,winter,december_solstice,25,-21,approach,0.2696629213483146,-21.82400487431146,winter,26.0,-20.0,approach,0.2808988764044944,-1.0,1.0,-1.0
2025-12-02 00:00:00+00:00,winter,december_solstice,26,-20,approach,0.2808988764044944,-21.97475301015543,winter,27.0,-19.0,approach,0.29213483146067415,-1.0,1.0,-1.0
2025-12-03 00:00:00+00:00,winter,december_solstice,27,-19,approach,0.29213483146067415,-22.118466174911088,winter,28.0,-18.0,approach,0.30337078651685395,-1.0,1.0,-1.0
2025-12-04 00:00:00+00:00,winter,december_solstice,28,-18,approach,0.30337078651685395,-22.255075934239464,winter,29.0,-17.0,approach,0.3146067415730337,-1.0,1.0,-1.0
2025-12-05 00:00:00+00:00,winter,december_solstice,29,-17,approach,0.3146067415730337,-22.384516005419254,winter,30.0,-16.0,approach,0.3258426966292135,-1.0,1.0,-1.0
2025-12-06 00:00:00+00:00,winter,december_solstice,30,-16,approach,0.3258426966292135,-22.50672184330877,winter,31.0,-15.0,approach,0.33707865168539325,-1.0,1.0,-1.0
2025-12-07 00:00:00+00:00,winter,december_solstice,31,-15,approach,0.33707865168539325,-22.6216304414663,winter,32.0,-14.0,approach,0.34831460674157305,-1.0,1.0,-1.0
2025-12-08 00:00:00+00:00,winter,december_solstice,32,-14,approach,0.34831460674157305,-22.729180417910108,winter,33.0,-13.0,approach,0.3595505617977528,-1.0,1.0,-1.0
2025-12-09 00:00:00+00:00,winter,december_solstice,33,-13,approach,0.3595505617977528,-22.829312345443732,winter,34.0,-12.0,approach,0.3707865168539326,-1.0,1.0,-1.0
2025-12-10 00:00:00+00:00,winter,december_solstice,34,-12,approach,0.3707865168539326,-22.921969215352295,winter,35.0,-11.0,approach,0.38202247191011235,-1.0,1.0,-1.0
2025-12-11 00:00:00+00:00,winter,december_solstice,35,-11,approach,0.38202247191011235,-23.007096919381727,winter,36.0,-10.0,approach,0.39325842696629215,-1.0,1.0,-1.0
2025-12-12 00:00:00+00:00,winter,december_solstice,36,-10,approach,0.39325842696629215,-23.084644675548873,winter,37.0,-9.0,approach,0.4044943820224719,-1.0,1.0,-1.0
2025-12-13 00:00:00+00:00,winter,december_solstice,37,-9,approach,0.4044943820224719,-23.154565370840174,winter,38.0,-8.0,approach,0.4157303370786517,-1.0,1.0,-1.0
2025-12-14 00:00:00+00:00,winter,december_solstice,38,-8,approach,0.4157303370786517,-23.216815826130148,winter,39.0,-7.0,approach,0.42696629213483145,-1.0,1.0,-1.0
2025-12-15 00:00:00+00:00,winter,december_solstice,39,-7,approach,0.42696629213483145,-23.271357002507585,winter,40.0,-6.0,approach,0.43820224719101125,-1.0,1.0,-1.0
2025-12-16 00:00:00+00:00,winter,december_solstice,40,-6,approach,0.43820224719101125,-23.318154169424545,winter,41.0,-5.0,approach,0.449438202247191,-1.0,1.0,-1.0
2025-12-17 00:00:00+00:00,winter,december_solstice,41,-5,approach,0.449438202247191,-23.357177050132208,winter,42.0,-4.0,approach,0.4606741573033708,-1.0,1.0,-1.0
2025-12-18 00:00:00+00:00,winter,december_solstice,42,-4,approach,0.4606741573033708,-23.38839995295957,winter,43.0,-3.0,approach,0.47191011235955055,-1.0,1.0,-1.0
2025-12-19 00:00:00+00:00,winter,december_solstice,43,-3,approach,0.47191011235955055,-23.41180189032526,winter,44.0,-2.0,approach,0.48314606741573035,-1.0,1.0,-1.0
2025-12-20 00:00:00+00:00,winter,december_solstice,44,-2,approach,0.48314606741573035,-23.427366682068985,winter,45.0,-1.0,approach,0.4943820224719101,-1.0,1.0,-1.0
2025-12-21 00:00:00+00:00,winter,december_solstice,45,-1,approach,0.4943820224719101,-23.435083036407647,winter,46.0,0.0,peak,0.5056179775280899,-1.0,1.0,-1.0
2025-12-22 00:00:00+00:00,winter,december_solstice,46,0,peak,0.5056179775280899,-23.434944600837046,winter,47.0,1.0,decline,0.5168539325842697,-1.0,1.0,-1.0
2025-12-23 00:00:00+00:00,winter,december_solstice,47,1,decline,0.5168539325842697,-23.426949976306513,winter,48.0,2.0,decline,0.5280898876404494,-1.0,1.0,-1.0
2025-12-24 00:00:00+00:00,winter,december_solstice,48,2,decline,0.5280898876404494,-23.411102689970477,winter,49.0,3.0,decline,0.5393258426966292,-1.0,1.0,-1.0
2025-12-25 00:00:00+00:00,winter,december_solstice,49,3,decline,0.5393258426966292,-23.387411123277992,winter,50.0,4.0,decline,0.550561797752809,-1.0,1.0,-1.0
2025-12-26 00:00:00+00:00,winter,december_solstice,50,4,decline,0.550561797752809,-23.355888391770492,winter,51.0,5.0,decline,0.5617977528089888,-1.0,1.0,-1.0
2025-12-27 00:00:00+00:00,winter,december_solstice,51,5,decline,0.5617977528089888,-23.316552170402957,winter,52.0,6.0,decline,0.5730337078651685,-1.0,1.0,-1.0
2025-12-28 00:00:00+00:00,winter,december_solstice,52,6,decline,0.5730337078651685,-23.26942445495111,winter,53.0,7.0,decline,0.5842696629213483,-1.0,1.0,-1.0
2025-12-29 00:00:00+00:00,winter,december_solstice,53,7,decline,0.5842696629213483,-23.214531249860936,winter,54.0,8.0,decline,0.5955056179775281,-1.0,1.0,-1.0
2025-12-30 00:00:00+00:00,winter,december_solstice,54,8,decline,0.5955056179775281,-23.151902181414425,winter,55.0,9.0,decline,0.6067415730337079,-1.0,1.0,-1.0
2025-12-31 00:00:00+00:00,winter,december_solstice,55,9,decline,0.6067415730337079,-23.081570057518434,winter,56.0,10.0,decline,0.6179775280898876,-1.0,1.0,-1.0
